subreddit,avg_score
SmartThings,1.4522310183519251
laptops,1.6368462367451204
Monitors,1.9047023132347365
ErgoMechKeyboards,2.3394667183162245
GamingLaptops,2.5771088061913034
BudgetAudiophile,2.6033337674176327
hometheater,2.822044308279261
macbookpro,2.945271357519017
PcBuild,3.478647053312096
mac,3.7790601521523413
photography,4.090907696084448
headphones,4.195556573522675
AppleWatch,4.86247361623035
homelab,4.943678275621195
iphone,5.783240195178756
HomeDecorating,7.466313883256162
