subreddit,avg_len
HomeDecorating,122.14320259382556
iphone,143.65072875595695
AppleWatch,143.82396118829348
macbookpro,153.6763092451726
laptops,161.4663455781589
GamingLaptops,164.05665767676876
mac,167.968305533242
PcBuild,174.46673662512882
BudgetAudiophile,200.09660856138262
homelab,203.44905698034128
hometheater,207.46212986112116
ErgoMechKeyboards,209.51533346245722
Monitors,210.41480849450133
SmartThings,210.8259265922994
headphones,273.35380210719194
photography,325.87800724192954
