entity,pearson_r,spearman_r
comments,-0.008359971683248252,0.006713935842197739
posts,-0.0030337908580220386,0.010226759585433282
